1,I306112,Induction,3,2014
2,I306112,EarlyWatch-SAPTECH,4,2014
3,I306112,EarlyWatch-UADM315,5,2014
4,I306112,Coached Session,6,2014
5,I306112,Coached Session + networking event,7,2014
6,I306112,Revision and Exams ,8,2014
7,I306112,BC400 Fundamentals ( Krishanthi ),9,2014
8,I306112,Oracle workshops ( Dani ),10,2014
9,I306112,ABAP Silver Cert,11,2014
10,I306112,Revision & rampup on ABAP / HANA,12,2014
11,I306112,Mini INNOJAM (Fri 28th March 9-13.30 Welcome 101 lite),13,2014
12,I306112,Mini INNOJAM ,14,2014
13,I306112,BPPO Training,15,2014
14,I306112,Intern Tool Project,16,2014
15,I306112,Intern Tool Project,17,2014
16,I306112,Intern Tool Project,18,2014
17,I306112,Intern Tool Project,19,2014
18,I306112,Intern Tool Project ( sick ),20,2014
19,I306112,BOBJ training (Dean Coleman),21,2014
20,I306112,HANA training - off fri,22,2014
21,I306112,Revision & Exam,23,2014
22,I306112,Analytics deployment room,24,2014
23,I306112,Analytics deployment room,25,2014
24,I306112,Analytics deployment room off Wed - Fri,26,2014
25,I306112,Off Mon Analytics deployment room,27,2014
26,I306112,Analytics deployment room Last Week,28,2014
27,I306214,Induction,3,2014
28,I306214,EarlyWatch-SAPTECH,4,2014
29,I306214,EarlyWatch-UADM315,5,2014
30,I306214,Coached Session,6,2014
31,I306214,Coached Session + networking event,7,2014
32,I306214,Revision and Exams ,8,2014
33,I306214,BC400 Fundamentals ( Krishanthi ),9,2014
34,I306214,Oracle workshops ( Dani ),10,2014
35,I306214,ABAP Silver Cert,11,2014
36,I306214,Revision & rampup on ABAP / HANA,12,2014
37,I306214,ARSD Mini INNOJAM (Fri 28th March 9-13.30 Welcome 101 lite),13,2014
38,I306214,ARSD Mini INNOJAM ,14,2014
39,I306214,BPPO Training,15,2014
40,I306214,openSAP Mobile Development Course:,16,2014
41,I306214,MCC Processes & Assign Mobile DR Customer 360 Reviews / Attend Critical Customer Calls (Sheila),17,2014
42,I306214,Syclo Mobile Overview (Sheila) Customer (Infrabel) mobile platform presentation research topics assigned (in pairs),18,2014
43,I306214,Customer (Infrabel) mobile platform presentation research topics assigned and to be presented by Fri 9th May (Sheila  James A.),19,2014
44,I306214,Attend Afaria EGI (US 4-6pm ) Attend Mobile Development EGI (Registration Required - delivered by Amabille - tbc),20,2014
45,I306214,Infrabel (James) & Severstal (Sheila) Service Wrap-ups / Syclo Service Manager Internal Install/Config Workshop (James A.),21,2014
46,I306214,HANA Training - classroom,22,2014
47,I306214,Hana revision KPMG Escalation Experiences / Fiori Extensibility Workshop/Exercise (Brenda  Michael Z.),23,2014
48,I306214,Rapid Prototyping  Rapid Deployment Solutions for Mobile/UX (Johnny),24,2014
49,I306214,Fiori/UI5 Workshop,25,2014
50,I306214,Introduction to hybris (Sheila)  Installation & Configuration,26,2014
51,I306214,NA,27,2014
52,I306214,Last Week Sean - applied for permanent position,28,2014
53,I306153,Induction,3,2014
54,I306153,EarlyWatch-SAPTECH,4,2014
55,I306153,EarlyWatch-UADM315,5,2014
56,I306153,Coached Session,6,2014
57,I306153,Coached Session + networking event,7,2014
58,I306153,Revision and Exams ,8,2014
59,I306153,BC400 Fundamentals ( Krishanthi ),9,2014
60,I306153,Oracle workshops ( Dani ),10,2014
61,I306153,ABAP Silver Cert,11,2014
62,I306153,Revision & rampup on ABAP / HANA,12,2014
63,I306153,ARSD Mini INNOJAM (Fri 28th March 9-13.30 Welcome 101 lite),13,2014
64,I306153,ARSD Mini INNOJAM. Barry on intern project - can help in free time. Tom on test servers can help in free time,14,2014
65,I306153,BPPO Training,15,2014
66,I306153,openSAP Mobile Development Course:,16,2014
67,I306153,MCC Processes & Assign Mobile DR Customer 360 Reviews / Attend Critical Customer Calls (Sheila),17,2014
68,I306153,Syclo Mobile Overview (Sheila) Customer (Infrabel) mobile platform presentation research topics assigned (in pairs),18,2014
69,I306153,Customer (Infrabel) mobile platform presentation research topics assigned and to be presented by Fri 9th May (Sheila  James A.),19,2014
70,I306153,Attend Mobile Development EGI (Registration Required - delivered by Amabille - tbc),20,2014
71,I306153,Infrabel (James) & Severstal (Sheila) Service Wrap-ups / Syclo Service Manager Internal Install/Config Workshop (James A.),21,2014
72,I306153,HANA Training - classroom,22,2014
73,I306153,Holiday Tues  HANA revision KPMG Escalation Experiences / Fiori Extensibility Workshop/Exercise (Brenda  Michael Z.),23,2014
74,I306153,Rapid Prototyping  Rapid Deployment Solutions for Mobile/UX (Johnny),24,2014
75,I306153,Fiori/UI5 Workshop,25,2014
76,I306153,Introduction to hybris (Sheila)  Installation & Configuration,26,2014
77,I306153,NA,27,2014
78,I306153, Last Week For Tom Mc Greal  possibility for Barry to extend until end of Summer. ,28,2014
79,I306230,Induction,6,2014
80,I306230,EarlyWatch-SAPTECH,7,2014
81,I306230,EarlyWatch-UADM315,8,2014
82,I306230,Coached Session,9,2014
83,I306230,Coached Session + networking event,10,2014
84,I306230,Revision and Exams ,11,2014
85,I306230,BC400 Fundamentals ( Krishanthi ),12,2014
86,I306230,Oracle workshops ( Dani ),13,2014
87,I306230,ABAP Silver Cert -  (Fri 28th March 9-13.30 Welcome 101 lite),14,2014
88,I306230,Silver Cert exam BPPO Training,15,2014
89,I306230,BPPO Coached Delivery,16,2014
90,I306230,BPPO Coached Delivery,17,2014
91,I306230,BPPO Coached Delivery,18,2014
92,I306230,BPPO Coached Delivery,19,2014
93,I306230,BPPO Coached Delivery,20,2014
94,I306230,BPPO Coached Delivery,21,2014
95,I306230,HANA Training,22,2014
96,I306230,off Tues - Thurs,23,2014
97,I306230,CRM overview ( Rakshit ),24,2014
98,I306230,Holidays 4 days,25,2014
99,I306230,CRM Base Customising,26,2014
100,I306230,CRM CQC assignment ,27,2014
101,I306230,CRM CQC assignment ,28,2014
102,I306230,CRM One Order Documents : A Glance,29,2014
103,I306230,CRM CQC assignment,30,2014
104,I306230,Last week * applied for a permanent position,31,2014
105,I306163,Induction,6,2014
106,I306163,EarlyWatch-SAPTECH,7,2014
107,I306163,EarlyWatch-UADM315,8,2014
108,I306163,Coached Session,9,2014
109,I306163,Coached Session + networking event,10,2014
110,I306163,Revision and Exams ,11,2014
111,I306163,BC400 Fundamentals ( Krishanthi ),12,2014
112,I306163,Oracle workshops ( Dani ),13,2014
113,I306163,ABAP Silver Cert -  (Fri 28th March 9-13.30 Welcome 101 lite),14,2014
114,I306163,BPPO Training,15,2014
115,I306163,BPPO Training,16,2014
116,I306163,EGI Project Plannning. Need to get update from Brendan Conroy on following weeks,17,2014
117,I306163,Syclo Mobile Overview (Sheila) Customer (Infrabel) mobile platform presentation research topics assigned (in pairs),18,2014
118,I306163,Customer (Infrabel) mobile platform presentation research topics assigned and to be presented by Fri 9th May (Sheila  James A.),19,2014
119,I306163,Attend Afaria EGI (US 4-6pm ) Attend Mobile Development EGI (Registration Required - delivered by Amabille - tbc),20,2014
120,I306163,Infrabel (James) & Severstal (Sheila) Service Wrap-ups / Syclo Service Manager Internal Install/Config Workshop (James A.),21,2014
121,I306163,HANA Training - classroom,22,2014
122,I306163,Hana revision KPMG Escalation Experiences / Fiori Extensibility Workshop/Exercise (Brenda  Michael Z.),23,2014
123,I306163,Rapid Prototyping  Rapid Deployment Solutions for Mobile/UX (Johnny),24,2014
124,I306163,Fiori/UI5 Workshop,25,2014
125,I306163,Introduction to hybris (Sheila)  Installation & Configuration,26,2014
126,I306835,Induction Week ,15,2014
127,I306835,EarlyWatch-SAPTECH - Good Fri,16,2014
128,I306835,Easter Monday EarlyWatch-UADM315,17,2014
129,I306835,Coached Session,18,2014
130,I306835,May Day Coached Session,19,2014
131,I306835,Revision and Exams,20,2014
132,I306835,Oracle workshops,21,2014
133,I306835,ABAP Fundamentals,22,2014
134,I306835,ABAP Silver Cert,23,2014
135,I306835,BPPO Training,24,2014
136,I306835,BPPO Coached Delivery,25,2014
137,I306835,BPPO Coached Delivery,26,2014
138,I306835,BPPO Coached Delivery,27,2014
139,I306835,BPPO Coached Delivery,28,2014
140,I306835,BPPO Coached Delivery,29,2014
141,I306835,BPPO Coached Delivery,30,2014
142,I306835,HANA,31,2014
143,I306835,HANA Revision & Exams,32,2014
144,I306835,EWM overview,33,2014
145,I306835,EWM Rampup,34,2014
146,I306835,EWM Rampup,35,2014
147,I306835,EWM Rampup,36,2014
148,I306835,EWM Rampup,37,2014
149,I306835,EWM Rampup Last Week * looking for a permanent role,38,2014
150,I306836,Induction Week ,15,2014
151,I306836,EarlyWatch-SAPTECH - Good Fri,16,2014
152,I306836,Easter Monday EarlyWatch-UADM315,17,2014
153,I306836,Coached Session,18,2014
154,I306836,May Day Coached Session,19,2014
155,I306836,Revision and Exams,20,2014
156,I306836,Oracle workshops,21,2014
157,I306836,ABAP Fundamentals,22,2014
158,I306836,ABAP Silver Cert,23,2014
159,I306836,BPPO Training,24,2014
160,I306836,Coached Delivery,25,2014
161,I306836,Coached Delivery,26,2014
162,I306836,Coached Delivery,27,2014
163,I306836,Coached Delivery,28,2014
164,I306836,Coached Delivery,29,2014
165,I306836,Coached Delivery,30,2014
166,I306836,BW training (Mark Byrne),31,2014
167,I306836,BW session delivery / Remote BW Novice (PE),32,2014
168,I306836,BW session delivery / Remote BW Novice (PE),33,2014
169,I306836,BW session delivery / Remote BW Novice (PE),34,2014
170,I306836,BW session delivery / Remote BW Novice (PE),35,2014
171,I306836,BW session delivery / Remote BW Novice (PE),36,2014
172,I306836,BW session delivery / Remote BW Novice (PE),37,2014
173,I306836,BW session delivery Last Week,38,2014
174,I306833,Induction Week ,15,2014
175,I306833,EarlyWatch-SAPTECH - Good Fri,16,2014
176,I306833,Easter Monday EarlyWatch-UADM315,17,2014
177,I306833,Coached Session,18,2014
178,I306833,May Day Coached Session,19,2014
179,I306833,Revision and Exams,20,2014
180,I306833,Oracle workshops,21,2014
181,I306833,ABAP Fundamentals,22,2014
182,I306833,ABAP Silver Cert,23,2014
183,I306833,BPPO Training,24,2014
184,I306833,Coached Delivery,25,2014
185,I306833,Coached Delivery,26,2014
186,I306833,Coached Delivery,27,2014
187,I306833,Coached Delivery,28,2014
188,I306833,Coached Delivery,29,2014
189,I306833,Coached Delivery,30,2014
190,I306833,BW training (Mark Byrne),31,2014
191,I306833,BW session delivery / Remote BW Novice (PE),32,2014
192,I306833,BW session delivery / Remote BW Novice (PE),33,2014
193,I306833,Holidays,34,2014
194,I306833,Holidays Mon -Thurs,35,2014
195,I306833,BW session delivery / Remote BW Novice (PE),36,2014
196,I306833,BW session delivery / Remote BW Novice (PE),37,2014
197,I306833,BW session delivery Last Week,38,2014
198,I306862,Induction Week ,15,2014
199,I306862,EarlyWatch-SAPTECH - Good Fri,16,2014
200,I306862,Easter Monday EarlyWatch-UADM315,17,2014
201,I306862,Coached Session,18,2014
202,I306862,May Day Coached Session,19,2014
203,I306862,Revision and Exams,20,2014
204,I306862,Oracle workshops,21,2014
205,I306862,ABAP Fundamentals,22,2014
206,I306862,ABAP Silver Cert,23,2014
207,I306862,TPO Training,24,2014
208,I306862,TPO Coached Delivery,25,2014
209,I306862,TPO Coached Delivery,26,2014
210,I306862,TPO Coached Delivery,27,2014
211,I306862,TPO Coached Delivery,28,2014
212,I306862,N/A,29,2014
213,I306862,N/A,30,2014
214,I306862,HANA,31,2014
215,I306862,HANA Revision & Exams,32,2014
216,I306862,Backoffice team 4 novice / Backoffice team 1 novice,33,2014
217,I306862,Backoffice team 4 novice / Backoffice team 1 novice ,34,2014
218,I306862,EW  GV  TPO  GLS - backoffice,35,2014
219,I306862,EW  GV TPO  GLS,36,2014
220,I306862,GV,37,2014
221,I306862,Last Week,38,2014
222,I306202,Induction,3,2014
223,I306202,EarlyWatch-SAPTECH,4,2014
224,I306202,EarlyWatch-UADM315,5,2014
225,I306202,Coached Session,6,2014
226,I306202,Coached Session + networking event,7,2014
227,I306202,Revision and Exams ,8,2014
228,I306202,BC400 Fundamentals ( Krishanthi ),9,2014
229,I306202,Oracle workshops ( Dani ),10,2014
230,I306202,ABAP Silver Cert,11,2014
231,I306202,ARSD,12,2014
232,I306202,ARSD (Fri 28th March 9-13.30 Welcome 101 lite),13,2014
233,I306202,ARSD,14,2014
234,I306202,ARSD,15,2014
235,I306202,ARSD,16,2014
236,I306202,ARSD,17,2014
237,I306202,ARSD,18,2014
238,I306202,ARSD / GLS shadowing,19,2014
239,I306202,ARSD - service delivery EW  GV  GLS,20,2014
240,I306202,GA Training,21,2014
241,I306202,HANA training,22,2014
242,I306202,HANA revision & Exam,23,2014
243,I306202,BPPO Training,24,2014
244,I306202,BPPO coached delivery,25,2014
245,I306202,Off Mon 23rd  BPPO Coached Delivery,26,2014
246,I306202,BPPO coached delivery,27,2014
247,I306202, Last Week,28,2014
248,I306126,Induction,3,2014
249,I306126,EarlyWatch-SAPTECH,4,2014
250,I306126,EarlyWatch-UADM315,5,2014
251,I306126,Coached Session,6,2014
252,I306126,Coached Session + networking event,7,2014
253,I306126,Revision and Exams ,8,2014
254,I306126,BC400 Fundamentals ( Krishanthi ),9,2014
255,I306126,Oracle workshops ( Dani ),10,2014
256,I306126,ABAP Silver Cert,11,2014
257,I306126,ARSD,12,2014
258,I306126,ARSD,13,2014
259,I306126,ARSD,14,2014
260,I306126,ARSD,15,2014
261,I306126,ARSD,16,2014
262,I306126,ARSD,17,2014
263,I306126,ARSD,18,2014
264,I306126,ARSD / GLS shadowing,19,2014
265,I306126,service delivery EW  GV  GLS,20,2014
266,I306126,GA Training,21,2014
267,I306126,HANA training,22,2014
268,I306126,Revision & Exam,23,2014
269,I306126,BPPO TRG,24,2014
270,I306126,BPPO Coached Delivery,25,2014
271,I306126,BPPO Coached Delivery,26,2014
272,I306126,BPPO Coached Delivery,27,2014
273,I306126,Last week - looking for a permanent position,28,2014
274,I306119,Induction,3,2014
275,I306119,EarlyWatch-SAPTECH,4,2014
276,I306119,EarlyWatch-UADM315,5,2014
277,I306119,Coached Session,6,2014
278,I306119,Coached Session + networking event,7,2014
279,I306119,Revision and Exams ,8,2014
280,I306119,BC400 Fundamentals ( Krishanthi ),9,2014
281,I306119,Oracle workshops ( Dani ),10,2014
282,I306119,ABAP Silver Cert,11,2014
283,I306119,Revision & rampup on ABAP / HANA,12,2014
284,I306119,Mini INNOJAM (Fri 28th March 9-13.30 Welcome 101 lite) Test Systems project,13,2014
285,I306119,Mini INNOJAM  Test Systems Project,14,2014
286,I306119,BPPO Training,15,2014
287,I306119,Test Systems Project,16,2014
288,I306119,Test Systems Project,17,2014
289,I306119,Test Systems Project,18,2014
290,I306119,Test Systems Project,19,2014
291,I306119,Test Systems Project,20,2014
292,I306119,GA Training,21,2014
293,I306119,HANA training,22,2014
294,I306119,Revision & Exam,23,2014
295,I306119,HANA DR (EWA  EW/GV) / Test Systems Project,24,2014
296,I306119,HANA DR (EWA  EW/GV) / Test Systems Project,25,2014
297,I306119,HANA DR (EWA  EW/GV) / Test Systems Project,26,2014
298,I306119,HANA DR (EWA  EW/GV) / Test Systems Project,27,2014
299,I306119,Last Week - has applied for permanent position,28,2014
300,I306114,Induction,3,2014
301,I306114,EarlyWatch-SAPTECH,4,2014
302,I306114,EarlyWatch-UADM315,5,2014
303,I306114,Coached Session,6,2014
304,I306114,Coached Session + networking event,7,2014
305,I306114,Revision and Exams ,8,2014
306,I306114,BC400 Fundamentals ( Krishanthi ),9,2014
307,I306114,Oracle workshops ( Dani ),10,2014
308,I306114,ABAP Silver Cert,11,2014
309,I306114,Revision & rampup on ABAP / HANA,12,2014
310,I306114,ARSD Mini INNOJAM (Fri 28th March 9-13.30 Welcome 101 lite),13,2014
311,I306114,ARSD Mini INNOJAM. Barry on intern project - can help in free time. Tom on test servers can help in free time,14,2014
312,I306114,BPPO Training,15,2014
313,I306114,openSAP Mobile Development Course:,16,2014
314,I306114,MCC Processes & Assign Mobile DR Customer 360 Reviews / Attend Critical Customer Calls (Sheila),17,2014
315,I306114,Syclo Mobile Overview (Sheila) Customer (Infrabel) mobile platform presentation research topics assigned (in pairs),18,2014
316,I306114,Customer (Infrabel) mobile platform presentation research topics assigned and to be presented by Fri 9th May (Sheila  James A.),19,2014
317,I306114,Attend Mobile Development EGI (Registration Required - delivered by Amabille - tbc),20,2014
318,I306114,Infrabel (James) & Severstal (Sheila) Service Wrap-ups / Syclo Service Manager Internal Install/Config Workshop (James A.),21,2014
319,I306114,HANA Training - classroom,22,2014
320,I306114,Hana revision KPMG Escalation Experiences / Fiori Extensibility Workshop/Exercise (Brenda  Michael Z.),23,2014
321,I306114,Rapid Prototyping  Rapid Deployment Solutions for Mobile/UX (Johnny),24,2014
322,I306114,Fiori/UI5 Workshop,25,2014
323,I306114,Introduction to hybris (Sheila)  Installation & Configuration,26,2014
324,I306114, Last Week For Tom Mc Greal  possibility for Barry to extend until end of Summer. ,3,2014
325,I306150,Induction,4,2014
326,I306150,EarlyWatch-SAPTECH,5,2014
327,I306150,EarlyWatch-UADM315,6,2014
328,I306150,Coached Session,7,2014
329,I306150,Coached Session + networking event,8,2014
330,I306150,Revision and Exams ,9,2014
331,I306150,BC400 Fundamentals ( Krishanthi ),10,2014
332,I306150,Oracle workshops ( Dani ),11,2014
333,I306150,ABAP Silver Cert,12,2014
334,I306150,Revision & rampup on ABAP / HANA,13,2014
335,I306150,Mini INNOJAM (Fri 28th March 9-13.30 Welcome 101 lite) Test Systems project,14,2014
336,I306150,Mini INNOJAM  Test Systems Project,15,2014
337,I306150,BPPO Training,16,2014
338,I306150,Utilization Project,17,2014
339,I306150,Utilization Project,18,2014
340,I306150,Utilization Project,19,2014
341,I306150,Utilization Project,20,2014
342,I306150,Utilization Project,21,2014
343,I306150,GA Training,22,2014
344,I306150,HANA training,23,2014
345,I306150,Revision & Exam,24,2014
346,I306150,HANA DR (EWA  EW/GV)/ Utilization project,25,2014
347,I306150,HANA DR (EWA  EW/GV) / Utilization project,26,2014
348,I306150,HANA DR (EWA  EW/GV) / Utilization project ,27,2014
349,I306150,HANA DR (EWA  EW/GV) / Utilization project - off fri,28,2014
350,I306184,Induction,6,2014
351,I306184,EarlyWatch-SAPTECH,7,2014
352,I306184,EarlyWatch-UADM315,8,2014
353,I306184,Coached Session,9,2014
354,I306184,Coached Session + networking event,10,2014
355,I306184,Revision and Exams ,11,2014
356,I306184,BC400 Fundamentals ( Krishanthi ),12,2014
357,I306184,Oracle workshops ( Dani ),13,2014
358,I306184,ABAP Silver Cert -  (Fri 28th March 9-13.30 Welcome 101 lite),14,2014
359,I306184,BPPO Training,15,2014
360,I306184,openSAP Mobile Development Course:,16,2014
361,I306184,MCC Processes & Assign Mobile DR Customer 360 Reviews / Attend Critical Customer Calls (Sheila),17,2014
362,I306184,Syclo Mobile Overview (Sheila) Customer (Infrabel) mobile platform presentation research topics assigned (in pairs),18,2014
363,I306184,Customer (Infrabel) mobile platform presentation research topics assigned and to be presented by Fri 9th May (Sheila  James A.),19,2014
364,I306184,Attend Mobile Development EGI (Registration Required - delivered by Amabille - tbc),20,2014
365,I306184,Infrabel (James) & Severstal (Sheila) Service Wrap-ups / Syclo Service Manager Internal Install/Config Workshop (James A.) ( Fintan off Mon-wed ) Agnieszka off Fri ,21,2014
366,I306184,HANA Training - classroom,22,2014
367,I306184,Hana revision KPMG Escalation Experiences / Fiori Extensibility Workshop/Exercise (Brenda  Michael Z.),23,2014
368,I306184,Rapid Prototyping  Rapid Deployment Solutions for Mobile/UX (Johnny),24,2014
369,I306184,Fiori/UI5 Workshop,25,2014
370,I306184,Introduction to hybris (Sheila)  Installation & Configuration,26,2014
371,I306184,NA,27,2014
372,I306184,NA,28,2014
373,I306184,NA,29,2014
374,I306184,NA,30,2014
375,I306184,NA,31,2014
376,I306184,Last week. Agniesszka looking to extend internship for 1 year. Can complete project in eveninings,32,2014
377,I306866,Induction Week ,15,2014
378,I306866,EarlyWatch-SAPTECH - Good Fri,16,2014
379,I306866,Easter Monday EarlyWatch-UADM315,17,2014
380,I306866,Coached Session,18,2014
381,I306866,May Day Coached Session,19,2014
382,I306866,Revision and Exams,20,2014
383,I306866,Oracle workshops,21,2014
384,I306866,ABAP Fundamentals,22,2014
385,I306866,ABAP Silver Cert,23,2014
386,I306866,TPO Training,24,2014
387,I306866,TPO Coached Delivery,25,2014
388,I306866,TPO Coached Delivery,26,2014
389,I306866,TPO Coached Delivery,27,2014
390,I306866,TPO Coached Delivery,28,2014
391,I306866,NA,29,2014
392,I306866,NA,30,2014
393,I306866,HANA,31,2014
394,I306866,HANA Revision & Exams,32,2014
395,I306866,Backoffice team 4 novice / Backoffice team 1 novice,33,2014
396,I306866,Backoffice team 4 novice / Backoffice team 1 novice ,34,2014
397,I306866,EW  GV  TPO  GLS - backoffice,35,2014
398,I306866,EW  GV TPO  GLS,36,2014
399,I306866,GV,37,2014
400,I306866,Last Week,38,2014
401,I306859,Induction Week ,15,2014
402,I306859,EarlyWatch-SAPTECH - Good Fri,16,2014
403,I306859,Easter Monday EarlyWatch-UADM315,17,2014
404,I306859,Coached Session,18,2014
405,I306859,ALM Roadmap Workshop,19,2014
406,I306859,Revision and Exams,20,2014
407,I306859,Oracle workshops,21,2014
408,I306859,ABAP Fundamentals,22,2014
409,I306859,ABAP Silver Cert,23,2014
410,I306859,Perform Basic Configuration of Solution Manager,24,2014
411,I306859,Research Solution Documentation and Test Management at SAP off Fri,25,2014
412,I306859,Off Mon Research Test Management including opportunities to implement Test Management/Automation for internal developments,26,2014
413,I306859,Identify opportunites wiith CoE for Test Management/Automation,27,2014
414,I306859,Implement Test Management Options 1,28,2014
415,I306859,Implement Test Management Options 1,29,2014
416,I306859,Implement Test Management Options 1,30,2014
417,I306859,Potential HANA,31,2014
418,I306859,Potential HANA Revision & Exams,32,2014
419,I306859,Implement Test Management Options 1,33,2014
420,I306859,Implement Test Management Options 1,34,2014
421,I306859,Implement Test Management Options 1,35,2014
422,I306859,Present Workshop/Findings  including advantages/Disadvantages and comparison of the options,36,2014
423,I306859,NA,37,2014
424,I306859,Last Week,38,2014
425,I306865,Induction Week ,15,2014
426,I306865,EarlyWatch-SAPTECH - Good Fri,16,2014
427,I306865,Easter Monday EarlyWatch-UADM315,17,2014
428,I306865,Coached Session,18,2014
429,I306865,May Day Coached Session,19,2014
430,I306865,Revision and Exams,20,2014
431,I306865,Oracle workshops sick 21st & 22nd,21,2014
432,I306865,ABAP Fundamentals,22,2014
433,I306865,ABAP Silver Cert,23,2014
434,I306865,BPPO Training,24,2014
435,I306865,Coached Delivery,25,2014
436,I306865,Coached Delivery,26,2014
437,I306865,Coached Delivery,27,2014
438,I306865,Coached Delivery,28,2014
439,I306865,Coached Delivery,29,2014
440,I306865,Coached Delivery,30,2014
441,I306865,BW training (Mark Byrne),31,2014
442,I306865,BW session delivery / Remote BW Novice (PE),32,2014
443,I306865,BW session delivery / Remote BW Novice (PE),33,2014
444,I306865,BW session delivery / Remote BW Novice (PE),34,2014
445,I306865,BW session delivery / Remote BW Novice (PE),35,2014
446,I306865,BW session delivery / Remote BW Novice (PE),36,2014
447,I306865,BW session delivery / Remote BW Novice (PE),37,2014
448,I306865,BW session delivery Last Week,38,2014
449,I306863,Induction Week ,15,2014
450,I306863,EarlyWatch-SAPTECH - Good Fri,16,2014
451,I306863,Easter Monday EarlyWatch-UADM315,17,2014
452,I306863,Coached Session,18,2014
453,I306863,May Day Coached Session,19,2014
454,I306863,Revision and Exams,20,2014
455,I306863,Oracle workshops sick 21st & 22nd,21,2014
456,I306863,ABAP Fundamentals,22,2014
457,I306863,ABAP Silver Cert,23,2014
458,I306863,BPPO Training,24,2014
459,I306863,Coached Delivery,25,2014
460,I306863,Coached Delivery,26,2014
461,I306863,Coached Delivery,27,2014
462,I306863,Coached Delivery,28,2014
463,I306863,Coached Delivery,29,2014
464,I306863,Coached Delivery,30,2014
465,I306863,BW training (Mark Byrne),31,2014
466,I306863,BW session delivery / Remote BW Novice (PE),32,2014
467,I306863,BW session delivery / Remote BW Novice (PE),33,2014
468,I306863,BW session delivery / Remote BW Novice (PE),34,2014
469,I306863,BW session delivery / Remote BW Novice (PE),35,2014
470,I306863,BW session delivery / Remote BW Novice (PE),36,2014
471,I306863,BW session delivery / Remote BW Novice (PE),37,2014
472,I306863,BW session delivery Last Week,38,2014
473,I306812,Induction Week ,15,2014
474,I306812,EarlyWatch-SAPTECH - Good Fri,16,2014
475,I306812,Easter Monday EarlyWatch-UADM315,17,2014
476,I306812,Coached Session,18,2014
477,I306812,May Day Coached Session,19,2014
478,I306812,Revision and Exams,20,2014
479,I306812,Oracle workshops,21,2014
480,I306812,ABAP Fundamentals,22,2014
481,I306812,ABAP Silver Cert,23,2014
482,I306812,BPPO,24,2014
483,I306812,Coached Delivery,25,2014
484,I306812,Coached Delivery,26,2014
485,I306812,Coached Delivery,27,2014
486,I306812,Coached Delivery,28,2014
487,I306812,Coached Delivery,29,2014
488,I306812,Coached Delivery,30,2014
489,I306812,HANA,31,2014
490,I306812,HANA Revision & Exams,32,2014
491,I306812,NA,33,2014
492,I306812,NA,34,2014
493,I306812,Last Week ,35,2014
494,I306698,Induction Week ,15,2014
495,I306698,EarlyWatch-SAPTECH - Good Fri,16,2014
496,I306698,Easter Monday EarlyWatch-UADM315,17,2014
497,I306698,Coached Session,18,2014
498,I306698,May Day Coached Session,19,2014
499,I306698,Revision and Exams,20,2014
500,I306698,Oracle workshops,21,2014
501,I306698,ABAP Fundamentals,22,2014
502,I306698,ABAP Silver Cert,23,2014
503,I306698,NA,24,2014
504,I306698,NA,25,2014
505,I306698,NA,26,2014
506,I306698,NA,27,2014
507,I306698,NA,28,2014
508,I306698,NA,29,2014
509,I306698,NA,30,2014
510,I306698,Potential HANA,31,2014
511,I306698,Potential HANA Revision & Exams,32,2014
512,I306698,NA,33,2014
513,I306698,Last Week,34,2014
535,I306700,Induction Week ,15,2014
536,I306700,EarlyWatch-SAPTECH - Good Fri,16,2014
537,I306700,Easter Monday EarlyWatch-UADM315,17,2014
538,I306700,Coached Session,18,2014
539,I306700,May Day Coached Session,19,2014
540,I306700,Revision and Exams,20,2014
541,I306700,BOBJ training (Dean Coleman),21,2014
542,I306700,HANA training,22,2014
543,I306700,HANA Revision & Exams,23,2014
544,I306700,Analytics deployment room,24,2014
545,I306700,Analytics deployment room,25,2014
546,I306700,Analytics deployment room off 27th,26,2014
547,I306700,Analytics deployment room,27,2014
548,I306700,Analytics deployment room,28,2014
549,I306700,Analytics deployment room,29,2014
550,I306700,Analytics deployment room,30,2014
551,I306700,Analytics deployment room,31,2014
552,I306700,Analytics deployment room,32,2014
553,I306700,Analytics deployment room,33,2014
554,I306700,Analytics deployment room Last Week,34,2014
555,I306699,Induction Week ,15,2014
556,I306699,EarlyWatch-SAPTECH - Good Fri,16,2014
557,I306699,Easter Monday EarlyWatch-UADM315,17,2014
558,I306699,Coached Session,18,2014
559,I306699,May Day Coached Session,19,2014
560,I306699,Revision and Exams,20,2014
561,I306699,Oracle workshops,21,2014
562,I306699,ABAP Fundamentals,22,2014
563,I306699,ABAP Silver Cert,23,2014
564,I306699,BPPO,24,2014
565,I306699,Coached Delivery,25,2014
566,I306699,Coached Delivery,26,2014
567,I306699,Coached Delivery,27,2014
568,I306699,Coached Delivery,28,2014
569,I306699,Coached Delivery,29,2014
570,I306699,Coached Delivery,30,2014
571,I306699,HANA,31,2014
572,I306699,HANA Revision & Exams,32,2014
573,I306699,NA,33,2014
574,I306699,NA,34,2014
575,I306699,Last Week ,35,2014
576,I306121,Induction,5,2014
577,I306121,EarlyWatch-SAPTECH,6,2014
578,I306121,EarlyWatch-UADM315,7,2014
579,I306121,Coached Session,8,2014
580,I306121,Coached Session + networking event,9,2014
581,I306121,Revision and Exams ,10,2014
582,I306121,BC400 Fundamentals ( Krishanthi ),11,2014
583,I306121,Oracle workshops ( Dani ),12,2014
584,I306121,ABAP Silver Cert -  (Fri 28th March 9-13.30 Welcome 101 lite),13,2014
585,I306121,Revision & exam,14,2014
586,I306121,BPPO Training,15,2014
587,I306121,BPPO Coached Delivery,16,2014
588,I306121,BPPO Coached Delivery,17,2014
589,I306121,BPPO Coached Delivery,18,2014
590,I306121,BPPO Coached Delivery,19,2014
591,I306121,BPPO Coached Delivery,20,2014
592,I306121,BPPO Coached Delivery / GA training optional,21,2014
593,I306121,HANA Training,22,2014
594,I306121,Revision & Exam,23,2014
595,I306121,HANA DR (EWA  EW/GV),24,2014
596,I306121,HANA DR (EWA  EW/GV),25,2014
597,I306121,HANA DR (EWA  EW/GV),26,2014
598,I306121,HANA DR (EWA  EW/GV),27,2014
599,I306121,HANA DR (EWA  EW/GV),28,2014
600,I306121,HANA DR (EWA  EW/GV),29,2014
601,I306121,HANA DR (EWA  EW/GV),30,2014
602,I306121,HANA DR (EWA  EW/GV),31,2014
603,I306121,HANA DR (EWA  EW/GV),32,2014
604,I306121,HANA DR (EWA  EW/GV),33,2014
605,I306121,HANA DR (EWA  EW/GV),34,2014
606,I306121,Last week - will return to college for final year,35,2014
607,I306122,Induction,6,2014
608,I306122,EarlyWatch-SAPTECH,7,2014
609,I306122,EarlyWatch-UADM315,8,2014
610,I306122,Coached Session,9,2014
611,I306122,Coached Session + networking event,10,2014
612,I306122,Revision and Exams ,11,2014
613,I306122,BC400 Fundamentals ( Krishanthi ),12,2014
614,I306122,Oracle workshops ( Dani ),13,2014
615,I306122,ABAP Silver Cert -  (Fri 28th March 9-13.30 Welcome 101 lite),14,2014
616,I306122,PI Training & Delivery,15,2014
617,I306122,PI Coached delivery,16,2014
618,I306122,Java and EP Training,17,2014
619,I306122,EP Coached delivery,18,2014
620,I306122,Session Delivery,19,2014
621,I306122,Session Delivery,20,2014
622,I306122,GA training,21,2014
623,I306122,Session Delivery,22,2014
624,I306122,Session Delivery,23,2014
625,I306122,NA,24,2014
626,I306122,NA,25,2014
627,I306122,NA,26,2014
628,I306122,NA,27,2014
629,I306122,NA,28,2014
630,I306122,NA,29,2014
631,I306122,NA,30,2014
632,I306122,Last week,31,2014
633,I306123,Induction,6,2014
634,I306123,EarlyWatch-SAPTECH,7,2014
635,I306123,EarlyWatch-UADM315,8,2014
636,I306123,Coached Session,9,2014
637,I306123,Coached Session + networking event,10,2014
638,I306123,Revision and Exams ,11,2014
639,I306123,BC400 Fundamentals ( Krishanthi ),12,2014
640,I306123,Oracle workshops ( Dani ),13,2014
641,I306123,ABAP Silver Cert -  (Fri 28th March 9-13.30 Welcome 101 lite),14,2014
642,I306123,BPPO Training,15,2014
643,I306123,openSAP Mobile Development Course:,16,2014
644,I306123,MCC Processes & Assign Mobile DR Customer 360 Reviews / Attend Critical Customer Calls (Sheila),17,2014
645,I306123,Syclo Mobile Overview (Sheila) Customer (Infrabel) mobile platform presentation research topics assigned (in pairs),18,2014
646,I306123,Customer (Infrabel) mobile platform presentation research topics assigned and to be presented by Fri 9th May (Sheila  James A.),19,2014
647,I306123,Attend Mobile Development EGI (Registration Required - delivered by Amabille - tbc),20,2014
648,I306123,Infrabel (James) & Severstal (Sheila) Service Wrap-ups / Syclo Service Manager Internal Install/Config Workshop (James A.),21,2014
649,I306123,Out Sick,22,2014
650,I306123,EW classic services,23,2014
651,I306123,Rapid Prototyping  Rapid Deployment Solutions for Mobile/UX (Johnny),24,2014
652,I306123,Fiori/UI5 Workshop,25,2014
653,I306123,Introduction to hybris (Sheila)  Installation & Configuration,26,2014
654,I306125,Induction,6,2014
655,I306125,EarlyWatch-SAPTECH,7,2014
656,I306125,EarlyWatch-UADM315,8,2014
657,I306125,Coached Session,9,2014
658,I306125,Coached Session + networking event,10,2014
659,I306125,Revision and Exams ,11,2014
660,I306125,BC400 Fundamentals ( Krishanthi ),12,2014
661,I306125,Oracle workshops ( Dani ),13,2014
662,I306125,ABAP Silver Cert -  (Fri 28th March 9-13.30 Welcome 101 lite),14,2014
663,I306125,PI Training & Delivery,15,2014
664,I306125,PI Coached delivery,16,2014
665,I306125,Java and EP Training,17,2014
666,I306125,EP Coached delivery,18,2014
667,I306125,Session Delivery,19,2014
668,I306125,Session Delivery,20,2014
669,I306125,GA training,21,2014
670,I306125,Session Delivery,22,2014
671,I306125,Session Delivery,23,2014
672,I306125,NA,24,2014
673,I306125,NA,25,2014
674,I306125,NA,26,2014
675,I306125,NA,27,2014
676,I306125,NA,28,2014
677,I306125,NA,29,2014
678,I306125,NA,30,2014
679,I306125,Last week,31,2014
680,I306159,Induction,5,2014
681,I306159,EarlyWatch-SAPTECH,6,2014
682,I306159,EarlyWatch-UADM315,7,2014
683,I306159,Coached Session,8,2014
684,I306159,Coached Session + networking event,9,2014
685,I306159,Revision and Exams ,10,2014
686,I306159,BC400 Fundamentals ( Krishanthi ),11,2014
687,I306159,Oracle workshops ( Dani ),12,2014
688,I306159,ABAP Silver Cert -  (Fri 28th March 9-13.30 Welcome 101 lite),13,2014
689,I306159,Revision & exam,14,2014
690,I306159,BPPO Training,15,2014
691,I306159,BPPO Coached Delivery,16,2014
692,I306159,BPPO Coached Delivery,17,2014
693,I306159,BPPO Coached Delivery,18,2014
694,I306159,BPPO Coached Delivery,19,2014
695,I306159,BPPO Coached Delivery,20,2014
696,I306159,BPPO Coached Delivery OFF Mon & Tues,21,2014
697,I306159,HANA Training,22,2014
698,I306159,Revision & Exam,23,2014
699,I306159,HANA DR (EWA  EW/GV) / Mini InnoJam(priority),24,2014
700,I306159,HANA DR (EWA  EW/GV) / Mini InnoJam(priority),25,2014
701,I306159,HANA DR (EWA  EW/GV) / Mini InnoJam(priority),26,2014
702,I306159,HANA DR (EWA  EW/GV) / Mini InnoJam(priority),27,2014
703,I306159,HANA DR (EWA  EW/GV) / Mini InnoJam(priority),28,2014
704,I306159,HANA DR (EWA  EW/GV) / Mini InnoJam(priority),29,2014
705,I306159,HANA DR (EWA  EW/GV) / Mini InnoJam(priority),30,2014
706,I306159,Last Week - applied for permanent position,31,2014
707,I306810,Induction,6,2014
708,I306810,EarlyWatch-SAPTECH,7,2014
709,I306810,EarlyWatch-UADM315,8,2014
710,I306810,Coached Session,9,2014
711,I306810,Coached Session + networking event,10,2014
712,I306810,Revision and Exams ,11,2014
713,I306810,BC400 Fundamentals ( Krishanthi ),12,2014
714,I306810,Oracle workshops ( Dani ),13,2014
715,I306810,ABAP Silver Cert -  (Fri 28th March 9-13.30 Welcome 101 lite),14,2014
716,I306810,PI Training & Delivery,15,2014
717,I306810,PI Coached delivery,16,2014
718,I306810,Java and EP Training,17,2014
719,I306810,EP Coached delivery,18,2014
720,I306810,EP /PI session Delivery,19,2014
721,I306810,EP /PI session Delivery,20,2014
722,I306810,GA training,21,2014
723,I306810,Session Delivery,22,2014
724,I306810,Session Delivery,23,2014
725,I306810,EP /PI session Delivery,24,2014
726,I306810,EP /PI session Delivery,25,2014
727,I306810,EP /PI session Delivery,26,2014
728,I306810,EP /PI session Delivery,27,2014
729,I306810,EP /PI session Delivery,28,2014
730,I306810,EP /PI session Delivery,29,2014
731,I306810,EP /PI session Delivery,30,2014
732,I306810,EP /PI session Delivery,31,2014
733,I306810,EP /PI session Delivery,32,2014
734,I306810,EP /PI session Delivery,33,2014
735,I306810,EP /PI session Delivery,34,2014
736,I306810,EP /PI session Delivery,35,2014
737,I306810,EP /PI session Delivery,36,2014
738,I306810,EP /PI session Delivery,37,2014
739,I306810,Last Week,38,2014
740,I306205,Induction,6,2014
741,I306205,EarlyWatch-SAPTECH,7,2014
742,I306205,EarlyWatch-UADM315,8,2014
743,I306205,Coached Session,9,2014
744,I306205,Coached Session + networking event,10,2014
745,I306205,Revision and Exams ,11,2014
746,I306205,BC400 Fundamentals ( Krishanthi ),12,2014
747,I306205,Oracle workshops ( Dani ),13,2014
748,I306205,ABAP Silver Cert -  (Fri 28th March 9-13.30 Welcome 101 lite),14,2014
749,I306205,TPO Training,15,2014
750,I306205,TPO Coached Delivery,16,2014
751,I306205,TPO Coached Delivery,17,2014
752,I306205,TPO Coached Delivery,18,2014
753,I306205,TPO Coached Delivery,19,2014
754,I306205,TPO Coached Delivery,20,2014
755,I306205,GA training,21,2014
756,I306205,HANA Training,22,2014
757,I306205,HANA Revision Week & Exam,23,2014
758,I306205,Backoffice Team 4 novice (2) ARSD  EW  GA  GLS  TPO ,24,2014
759,I306205,Backoffice Team 4 novice (2) ARSD  EW  GA  GLS  TPO,25,2014
760,I306205,Backoffice Team 4 novice (2) ARSD  EW  GA  GLS  TPO,26,2014
761,I306205,Backoffice Team 4 novice (2) ARSD  EW  GA  GLS  TPO,27,2014
762,I306205,Backoffice Team 4 novice (2) ARSD  EW  GA  GLS  TPO ( off all week ),28,2014
763,I306205,Backoffice Team 4 novice (2) ARSD  EW  GA  GLS  TPO,29,2014
764,I306205,Backoffice Team 1 novice (2) TPO / capacity management,30,2014
765,I306205,Backoffice Team 1 novice (2) TPO / capacity management,31,2014
766,I306205,Backoffice Team 1 novice (2) TPO / capacity management,32,2014
767,I306205,Backoffice Team 1 novice (2) TPO / capacity management,33,2014
768,I306205,Backoffice Team 1 novice (2) TPO / capacity management ,34,2014
769,I306205,Backoffice Team 1 novice (2) TPO / capacity management (Off all week ),35,2014
770,I306205,Backoffice * 3 ( effectively last week),36,2014
771,I306205,Backoffice * 3 Off all week,37,2014
772,I306205,Last week Off all week,38,2014
773,I306115,Induction,5,2014
774,I306115,EarlyWatch-SAPTECH,6,2014
775,I306115,EarlyWatch-UADM315,7,2014
776,I306115,Coached Session,8,2014
777,I306115,Coached Session + networking event,9,2014
778,I306115,Revision and Exams ,10,2014
779,I306115,BC400 Fundamentals ( Krishanthi ),11,2014
780,I306115,Oracle workshops ( Dani ),12,2014
781,I306115,ABAP Silver Cert -  (Fri 28th March 9-13.30 Welcome 101 lite),13,2014
782,I306115,Revision & exam,14,2014
783,I306115,BPPO Training,15,2014
784,I306115,BPPO Coached Delivery,16,2014
785,I306115,BPPO Coached Delivery,17,2014
786,I306115,BPPO Coached Delivery,18,2014
787,I306115,BPPO Coached Delivery,19,2014
788,I306115,BPPO Coached Delivery,20,2014
789,I306115,BPPO Coached Delivery / GA training optional,21,2014
790,I306115,HANA Training,22,2014
791,I306115,Revision & Exam off Tues,23,2014
792,I306115,HANA DR (EWA  EW/GV),24,2014
793,I306115,HANA DR (EWA  EW/GV),25,2014
794,I306115,HANA DR (EWA  EW/GV),26,2014
795,I306115,HANA DR (EWA  EW/GV),27,2014
796,I306115,HANA DR (EWA  EW/GV),28,2014
797,I306115,HANA DR (EWA  EW/GV),29,2014
798,I306115,HANA DR (EWA  EW/GV),30,2014
799,I306115,HANA DR (EWA  EW/GV),31,2014
800,I306115,HANA DR (EWA  EW/GV),32,2014
801,I306115,HANA DR (EWA  EW/GV),33,2014
802,I306115,HANA DR (EWA  EW/GV),34,2014
803,I306115,Last week - will return to college for final year,35,2014
804,I306111,Induction,5,2014
805,I306111,EarlyWatch-SAPTECH,6,2014
806,I306111,EarlyWatch-UADM315,7,2014
807,I306111,Coached Session,8,2014
808,I306111,Coached Session + networking event,9,2014
809,I306111,Revision and Exams ,10,2014
810,I306111,BC400 Fundamentals ( Krishanthi ),11,2014
811,I306111,Oracle workshops ( Dani ),12,2014
812,I306111,ABAP Silver Cert -  (Fri 28th March 9-13.30 Welcome 101 lite),13,2014
813,I306111,Revision & exam,14,2014
814,I306111,BPPO Training,15,2014
815,I306111,BPPO Coached Delivery,16,2014
816,I306111,BPPO Coached Delivery,17,2014
817,I306111,BPPO Coached Delivery,18,2014
818,I306111,BPPO Coached Delivery,19,2014
819,I306111,BPPO Coached Delivery,20,2014
820,I306111,GA training optional,21,2014
821,I306111,HANA Training,22,2014
822,I306111,Revision & Exam,23,2014
823,I306111,HANA DR (EWA  EW/GV) (1/2 day 10th ),24,2014
824,I306111,HANA DR (EWA  EW/GV),25,2014
825,I306111,HANA DR (EWA  EW/GV),26,2014
826,I306111,HANA DR (EWA  EW/GV),27,2014
827,I306111,HANA DR (EWA  EW/GV),28,2014
828,I306111,HANA DR (EWA  EW/GV),29,2014
829,I306111,HANA DR (EWA  EW/GV),30,2014
830,I306111,HANA DR (EWA  EW/GV),31,2014
831,I306111,HANA DR (EWA  EW/GV),32,2014
832,I306111,HANA DR (EWA  EW/GV),33,2014
833,I306111,HANA DR (EWA  EW/GV),34,2014
834,I306111,Last week - will return to college for final year,35,2014
835,I306155,Induction,5,2014
836,I306155,EarlyWatch-SAPTECH,6,2014
837,I306155,EarlyWatch-UADM315,7,2014
838,I306155,Coached Session,8,2014
839,I306155,Coached Session + networking event,9,2014
840,I306155,Revision and Exams ,10,2014
841,I306155,BC400 Fundamentals ( Krishanthi ),11,2014
842,I306155,Oracle workshops ( Dani ),12,2014
843,I306155,ABAP Silver Cert -  (Fri 28th March 9-13.30 Welcome 101 lite),13,2014
844,I306155,Revision & exam,14,2014
845,I306155,BPPO Training,15,2014
846,I306155,BPPO Coached Delivery,16,2014
847,I306155,BPPO Coached Delivery,17,2014
848,I306155,BPPO Coached Delivery,18,2014
849,I306155,BPPO Coached Delivery,19,2014
850,I306155,BPPO Coached Delivery,20,2014
851,I306155,Holidays,21,2014
852,I306155,HANA Training,22,2014
853,I306155,Revision & Exam,23,2014
854,I306155,HANA DR (EWA  EW/GV) / Mini InnoJam(priority),24,2014
855,I306155,HANA DR (EWA  EW/GV) / Mini InnoJam(priority),25,2014
856,I306155,HANA DR (EWA  EW/GV) / Mini InnoJam(priority),26,2014
857,I306155,HANA DR (EWA  EW/GV) / Mini InnoJam(priority),27,2014
858,I306155,HANA DR (EWA  EW/GV) / Mini InnoJam(priority),28,2014
859,I306155,HANA DR (EWA  EW/GV) / Mini InnoJam(priority),29,2014
860,I306155,HANA DR (EWA  EW/GV) / Mini InnoJam(priority),30,2014
861,I306155,Last Week - applied for permanent position,31,2014
862,I306152,Induction,5,2014
863,I306152,EarlyWatch-SAPTECH,6,2014
864,I306152,EarlyWatch-UADM315,7,2014
865,I306152,Coached Session,8,2014
866,I306152,Coached Session + networking event,9,2014
867,I306152,Revision and Exams ,10,2014
868,I306152,BC400 Fundamentals ( Krishanthi ),11,2014
869,I306152,Oracle workshops ( Dani ),12,2014
870,I306152,ABAP Silver Cert -  (Fri 28th March 9-13.30 Welcome 101 lite),13,2014
871,I306152,TPO Training,14,2014
872,I306152,TPO Coached Delivery,15,2014
873,I306152,TPO Coached Delivery,16,2014
874,I306152,TPO Coached Delivery,17,2014
875,I306152,TPO Coached Delivery,18,2014
876,I306152,TPO Coached Delivery,19,2014
877,I306152,GA training,20,2014
878,I306152,HANA Training,21,2014
879,I306152,HANA Revision Week & Exam,22,2014
880,I306152,Backoffice Team 4 novice (2) ARSD  EW  GA  GLS  TPO,23,2014
881,I306152,Backoffice Team 4 novice (2) ARSD  EW  GA  GLS  TPO ,24,2014
882,I306152,Off Mon Backoffice Team 4 novice (2) ARSD  EW  GA  GLS  TPO,25,2014
883,I306152,Backoffice Team 4 novice (2) ARSD  EW  GA  GLS  TPO,26,2014
884,I306152,Backoffice Team 4 novice (2) ARSD  EW  GA  GLS  TPO ,27,2014
885,I306152,Backoffice Team 4 novice (2) ARSD  EW  GA  GLS  TPO,28,2014
886,I306152,Backoffice Team 1 novice (2) TPO / capacity management,29,2014
887,I306152,Backoffice Team 1 novice (2) TPO / capacity management,30,2014
888,I306152,Backoffice Team 1 novice (2) TPO / capacity management,31,2014
889,I306152,Backoffice Team 1 novice (2) TPO / capacity management,32,2014
890,I306152,Backoffice Team 1 novice (2) TPO / capacity management ,33,2014
891,I306152,Backoffice Team 1 novice (2) TPO / capacity management ( Anna off all week ),34,2014
892,I306152,Backoffice * 3,35,2014
893,I306152,Backoffice * 3,36,2014
894,I306152,Last week,37,2014
895,I306194,Induction,5,2014
896,I306194,EarlyWatch-SAPTECH,6,2014
897,I306194,EarlyWatch-UADM315,7,2014
898,I306194,Coached Session,8,2014
899,I306194,Coached Session + networking event,9,2014
900,I306194,Revision and Exams ,10,2014
901,I306194,BC400 Fundamentals ( Krishanthi ),11,2014
902,I306194,Oracle workshops ( Dani ),12,2014
903,I306194,ABAP Silver Cert -  (Fri 28th March 9-13.30 Welcome 101 lite),13,2014
904,I306194,Revision & exam,14,2014
905,I306194,BPPO Training,15,2014
906,I306194,BPPO Coached Delivery,16,2014
907,I306194,BPPO Coached Delivery,17,2014
908,I306194,BPPO Coached Delivery,18,2014
909,I306194,BPPO Coached Delivery,19,2014
910,I306194,BPPO Coached Delivery,20,2014
911,I306194,BOBJ training (Dean Coleman) sick thurs & fri,21,2014
912,I306194,HANA training,22,2014
913,I306194,Revision & Exam,23,2014
914,I306194,Analytics deployment room,24,2014
915,I306194,Analytics deployment room,25,2014
916,I306194,Analytics deployment room,26,2014
917,I306194,Analytics deployment room,27,2014
918,I306194,Analytics deployment room,28,2014
919,I306194,Analytics deployment room,29,2014
920,I306194,Analytics deployment room,30,2014
921,I306194,Analytics deployment room,31,2014
922,I306194,Analytics deployment room,32,2014
923,I306194,Analytics deployment room,33,2014
924,I306194,Analytics deployment room,34,2014
925,I306194,Analytics deployment room,35,2014
926,I306194,Analytics deployment room,36,2014
927,I306194,Analytics deployment room Last Week,37,2014
928,I306182,Induction,6,2014
929,I306182,EarlyWatch-SAPTECH,7,2014
930,I306182,EarlyWatch-UADM315,8,2014
931,I306182,Coached Session,9,2014
932,I306182,Coached Session + networking event,10,2014
933,I306182,Revision and Exams ,11,2014
934,I306182,BC400 Fundamentals ( Krishanthi ),12,2014
935,I306182,Oracle workshops ( Dani ),13,2014
936,I306182,ABAP Silver Cert -  (Fri 28th March 9-13.30 Welcome 101 lite),14,2014
937,I306182,TPO Training,15,2014
938,I306182,TPO Coached Delivery,16,2014
939,I306182,TPO Coached Delivery,17,2014
940,I306182,TPO Coached Delivery,18,2014
941,I306182,TPO Coached Delivery,19,2014
942,I306182,TPO Coached Delivery,20,2014
943,I306182,GA training,21,2014
944,I306182,HANA Training,22,2014
945,I306182,HANA Revision Week & Exam,23,2014
946,I306182,Backoffice Team 4 novice (2) ARSD  EW  GA  GLS  TPO ( Anna off 12th & 13th ),24,2014
947,I306182,Backoffice Team 4 novice (2) ARSD  EW  GA  GLS  TPO ,25,2014
948,I306182,Backoffice Team 4 novice (2) ARSD  EW  GA  GLS  TPO,26,2014
949,I306182,Backoffice Team 4 novice (2) ARSD  EW  GA  GLS  TPO,27,2014
950,I306182,Backoffice Team 4 novice (2) ARSD  EW  GA  GLS  TPO ( Anna off Fri ),28,2014
951,I306182,Backoffice Team 4 novice (2) ARSD  EW  GA  GLS  TPO Off Fri 18th,29,2014
952,I306182,Backoffice Team 1 novice (2) TPO / capacity management,30,2014
953,I306182,Backoffice Team 1 novice (2) TPO / capacity management,31,2014
954,I306182,Backoffice Team 1 novice (2) TPO / capacity management,32,2014
955,I306182,Backoffice Team 1 novice (2) TPO / capacity management,33,2014
956,I306182,Backoffice Team 1 novice (2) TPO / capacity management ( Anna off all week ),34,2014
957,I306182,Backoffice Team 1 novice (2) TPO / capacity management ( Anna off all week ),35,2014
958,I306182,Backoffice * 3,36,2014
959,I306182,Backoffice * 3,37,2014
960,I306182,Last week,38,2014
961,I306811,Induction Week ,15,2014
962,I306811,EarlyWatch-SAPTECH - Good Fri,16,2014
963,I306811,Easter Monday EarlyWatch-UADM315,17,2014
964,I306811,Coached Session,18,2014
965,I306811,May Day Coached Session,19,2014
966,I306811,Revision and Exams,20,2014
967,I306811,Oracle workshop,21,2014
968,I306811, ABAP Fundamentals Off 29th & 30th,22,2014
969,I306811,ABAP Silver Cert,23,2014
970,I306811,DVM rampup,24,2014
971,I306811,DVM,25,2014
972,I306811,DVM,26,2014
973,I306811,DVM,27,2014
974,I306811,DVM,28,2014
975,I306811,DVM,29,2014
976,I306811,DVM,30,2014
977,I306811,HANA,31,2014
978,I306811,HANA Revision & Exams,32,2014
979,I306811,DVM,33,2014
980,I306811,Last week,34,2014
981,I306818,Induction Week ,15,2014
982,I306818,EarlyWatch-SAPTECH - Good Fri,16,2014
983,I306818,Easter Monday EarlyWatch-UADM315,17,2014
984,I306818,Coached Session,18,2014
985,I306818,May Day Coached Session,19,2014
986,I306818,Revision and Exams,20,2014
987,I306818,Oracle workshops,21,2014
988,I306818, ABAP Fundamentals,22,2014
989,I306818,ABAP Silver Cert,23,2014
990,I306818,BPPO Training,24,2014
991,I306818,BPPO coached delivery (HCM),25,2014
992,I306818,BPPO coached delivery (HCM),26,2014
993,I306818,HCM rampup,27,2014
994,I306818,HCM rampup,28,2014
995,I306818,HCM rampup,29,2014
996,I306818,HCM rampup,30,2014
997,I306818,HANA,31,2014
998,I306818,HANA Revision & Exams,32,2014
999,I306818,HCM rampup,33,2014
1000,I306818,Last week,34,2014
1001,I306997,Induction Week ,15,2014
1002,I306997,EarlyWatch-SAPTECH - Good Fri,16,2014
1003,I306997,Easter Monday EarlyWatch-UADM315,17,2014
1004,I306997,Coached Session,18,2014
1005,I306997,ALM Roadmap Workshop,19,2014
1006,I306997,Revision and Exams,20,2014
1007,I306997,Oracle workshops,21,2014
1008,I306997,ABAP Fundamentals,22,2014
1009,I306997,ABAP Silver Cert,23,2014
1010,I306997,Perform Basic Configuration of Solution Manager,24,2014
1011,I306997,Research Performance/Load Testing at SAP ,25,2014
1012,I306997,Identify opportunites wiith CoE,26,2014
1013,I306997,Implement Load Runner Solution  including practical examples,27,2014
1014,I306997,Implement Load Runner Solution  including practical examples,28,2014
1015,I306997,Implement Load Runner Solution  including practical examples,29,2014
1016,I306997,Present results of project,30,2014
1017,I306997,Potential HANA,31,2014
1018,I306997,Potential HANA Revision & Exams,32,2014
1019,I306997,NA,33,2014
1020,I306997,Last Week,34,2014
1021,I306817,Induction Week ,15,2014
1022,I306817,EarlyWatch-SAPTECH - Good Fri,16,2014
1023,I306817,Easter Monday EarlyWatch-UADM315,17,2014
1024,I306817,Coached Session,18,2014
1025,I306817,May Day Coached Session,19,2014
1026,I306817,Revision and Exams,20,2014
1027,I306817,BOBJ training (Dean Coleman),21,2014
1028,I306817,HANA training,22,2014
1029,I306817,HANA Revision & Exams,23,2014
1030,I306817,Analytics deployment room,24,2014
1031,I306817,Analytics deployment room,25,2014
1032,I306817,Analytics deployment room,26,2014
1033,I306817,Analytics deployment room,27,2014
1034,I306817,Analytics deployment room,28,2014
1035,I306817,Analytics deployment room,29,2014
1036,I306817,Analytics deployment room,30,2014
1037,I306817,Analytics deployment room,31,2014
1038,I306817,Analytics deployment room,32,2014
1039,I306817,Analytics deployment room,33,2014
1040,I306817,Analytics deployment room Last Week,34,2014
1041,I307394,Induction Week ,24,2014
1042,I307394,EarlyWatch-SAPTECH,25,2014
1043,I307394,EarlyWatch-UADM315,26,2014
1044,I307394,Coached Session,27,2014
1045,I307394,Coached Session,28,2014
1046,I307394,Revision and Exams,29,2014
1047,I307394,Oracle workshops,30,2014
1048,I307394,ABAP Fundamentals,31,2014
1049,I307394,ABAP Silver Cert,32,2014
1050,I307394,BPPO,33,2014
1051,I307394,Coached Delivery,34,2014
1052,I307394,Coached Delivery,35,2014
1053,I307394,Coached Delivery,36,2014
1054,I307394,Coached Delivery,37,2014
1055,I307394,Coached Delivery,38,2014
1056,I307394,Coached Delivery,39,2014
1057,I307394,HANA,40,2014
1058,I307394,HANA Revision & Exams,41,2014
1059,I307394,NA,42,2014
1060,I307394,NA,43,2014
1061,I307394,NA,44,2014
1062,I307394,NA,45,2014
1063,I307394,NA,46,2014
1064,I307394,NA,47,2014
1065,I307394,NA,48,2014
1066,I307394,NA,49,2014
1067,I307394,Last Week - looking for permanent job. Masters complete in July ,50,2014
